file,"/io/ensmallen_graph/graph/src/test_utilities.rs"
line,894
col,13
message,assertion failed: `(left == right)`
  left: `Some([0.000000000000000000000000000000000006254552, 0.000000000000000000000000000000000006254552])`,
 right: `Some([0.000000000000000000000000000000000006254552, 0.000000000000000000000000000000000006254552, 0.000000000000000000000000000000000006254552])`
